{
	"schemaVersion": 1,
	"id": "ultracraft-crash-fix",
	"version": "${version}",
	"name": "Ultracraft-crash-fix",
	"description": "This is an example description! Tell everyone what your mod is about!",
	"authors": [
		"Me!"
	],
	"contact": {
		"homepage": "https://fabricmc.net/",
		"sources": "https://github.com/FabricMC/fabric-example-mod"
	},
	"license": "CC0-1.0",
	"icon": "assets/ultracraft-crash-fix/icon.png",
	"environment": "*",
	"entrypoints": {
		"main": [
			"net.walksanator.ultracraftfix.Ultracraftcrashfix"
		]
	},
	"mixins": [
		"ultracraft-crash-fix.mixins.json"
	],
	"depends": {
		"fabricloader": ">=0.15.6",
		"minecraft": "~1.20.1",
		"java": ">=17",
		"fabric-api": "*"
	},
	"suggests": {
		"another-mod": "*"
	}
}